case_id,group,benchmark_role,status,big_bang_id,job_id,elapsed_seconds,actor_count,trait_count,graph_edge_count,has_sociology_baseline,has_emotion_baseline,llm_log_count,artifact_dir
civic_001,existing_72,civic_policy,succeeded,6146928f-8e7a-4e9d-8dc8-deb64c7a6b27,559953b4-29fd-4e89-8650-bf29b6e0c0ae,171.36,11,11,38,True,True,1,raw/E1_init_jobs/civic_001
civic_002,existing_72,civic_policy,succeeded,acd9e8a2-d11a-4b28-b4af-b6556fe34c0d,973eae61-59f5-4cd3-bc9e-d53865424469,200.73,7,7,37,True,True,1,raw/E1_init_jobs/civic_002
civic_003,existing_72,civic_policy,succeeded,0ae4797f-8124-40b7-a4a8-2cdc84bf1f76,7c0d60e0-dcd1-4c2e-a09b-e1b7a21ad85b,191.09,9,9,46,True,True,1,raw/E1_init_jobs/civic_003
civic_004,existing_72,civic_policy,succeeded,40eeb612-5bcf-4939-b879-ed6a07026d06,fd6af264-05c3-4350-b488-176e39dc82f7,186.77,8,8,41,True,True,1,raw/E1_init_jobs/civic_004
civic_005,existing_72,civic_policy,succeeded,0f4cc160-77b8-4881-b6ce-5f4d80a80cc5,b5795716-a34e-4686-9c7d-caf62fb6f013,172.28,8,8,35,True,True,1,raw/E1_init_jobs/civic_005
civic_006,existing_72,civic_policy,succeeded,45a01604-ab94-412a-940a-8e33eed7a3e8,40aba99e-34ad-4ff9-b980-adb40ea61a6c,165.18,9,9,37,True,True,1,raw/E1_init_jobs/civic_006
labor_001,existing_72,labor_economic_dependency,succeeded,4fcee5ba-9822-44fb-84a9-722bd5da5062,cb0fe294-cd19-4483-97d4-91138d922162,181.58,9,9,43,True,True,1,raw/E1_init_jobs/labor_001
labor_002,existing_72,labor_economic_dependency,succeeded,9fd56e99-eeb9-4fa5-90e0-4ee73333395c,e15e4563-3b6c-41d4-8cb5-4bfb431aeced,170.61,7,7,42,True,True,1,raw/E1_init_jobs/labor_002
labor_003,existing_72,labor_economic_dependency,succeeded,1d75e9e1-d36d-47a2-94f7-cb2630bcc66c,6022984f-5e26-4b2e-a423-814d5147370b,334.99,7,7,37,True,True,1,raw/E1_init_jobs/labor_003
labor_004,existing_72,labor_economic_dependency,succeeded,b3690fc6-3663-46b0-9ca4-83634353bbea,a4b5fc56-5aac-4e28-8edf-874ef68ee5ac,341.13,7,7,32,True,True,1,raw/E1_init_jobs/labor_004
labor_005,existing_72,labor_economic_dependency,succeeded,d9d6ea3a-f32b-424d-9b7c-721784d7a538,21ba84e6-6ae2-44a1-a2a8-b130d0b50b63,335.26,10,10,37,True,True,1,raw/E1_init_jobs/labor_005
labor_006,existing_72,labor_economic_dependency,succeeded,34166ebd-d7d1-41eb-bd3a-77d0ad2f24c3,da298800-c345-4d82-ad34-fae49424b86a,364.07,11,11,37,True,True,1,raw/E1_init_jobs/labor_006
platform_001,existing_72,platform_algorithmic_governance,succeeded,2c1ab7fe-db00-4ad0-afe1-f7c6501a6c10,049de8f9-8947-4fec-80c5-46b6fe328a3f,355.2,9,9,35,True,True,1,raw/E1_init_jobs/platform_001
platform_002,existing_72,platform_algorithmic_governance,succeeded,7a271c3f-35ce-4f5a-b3ef-20b0013968b4,b73dcfe3-2e36-47cd-8afa-c27d0f1b0295,347.75,8,8,35,True,True,1,raw/E1_init_jobs/platform_002
platform_003,existing_72,platform_algorithmic_governance,succeeded,ee16eb8a-6c32-46fd-ab0f-55fb3e715d8f,1ddd5d00-0c2a-4796-92c5-a053c2a38d15,345.12,8,8,31,True,True,1,raw/E1_init_jobs/platform_003
platform_004,existing_72,platform_algorithmic_governance,succeeded,d77e0ee0-7833-4409-806c-0796748782e1,6d7e86ce-bd16-4b82-89fd-3fd986cffe79,358.85,8,8,32,True,True,1,raw/E1_init_jobs/platform_004
platform_005,existing_72,platform_algorithmic_governance,succeeded,b051f930-3042-4d90-8436-90a8afcc3dc4,6082835a-10f3-4e92-8391-ff1f8ad8ad37,477.28,9,9,29,True,True,1,raw/E1_init_jobs/platform_005
platform_006,existing_72,platform_algorithmic_governance,succeeded,638a27e6-bd11-44d5-8dc1-1233e13f7cd3,ee24e53e-639a-434d-a795-a59770e77851,502.28,8,8,43,True,True,1,raw/E1_init_jobs/platform_006
health_001,existing_72,public_health_resource,succeeded,9caeab08-603a-48d0-b8e6-31cfc70f8931,e0795c67-45f3-44ed-a1f2-378d63b292b1,495.63,9,9,34,True,True,1,raw/E1_init_jobs/health_001
health_002,existing_72,public_health_resource,succeeded,2438c0ee-12f3-4471-b3b5-0a8693fc1bce,5f7dbf08-4802-4c7b-9ba1-961f6488aca8,547.92,10,10,48,True,True,1,raw/E1_init_jobs/health_002
health_003,existing_72,public_health_resource,succeeded,d9ed68fb-65c9-4397-984f-29fd9989aa4f,684d0d80-78fd-465e-ac45-e6eb2e6a2f13,548.21,10,10,27,True,True,1,raw/E1_init_jobs/health_003
health_004,existing_72,public_health_resource,succeeded,b66ab4c2-34ff-4b16-8ae8-13f991872f82,8941073f-1bcf-4eb0-9240-aa7405adbe92,546.07,12,12,44,True,True,1,raw/E1_init_jobs/health_004
health_005,existing_72,public_health_resource,succeeded,79d132d4-4ee8-4c6f-bec6-24db8ff3ada9,b2600e78-99b2-45c3-9995-36b35e0d4560,554.23,7,7,27,True,True,1,raw/E1_init_jobs/health_005
health_006,existing_72,public_health_resource,succeeded,a03b14cf-ab6e-4a4d-8bbd-b525eb485459,1018f57d-b4a0-4ba7-b10a-25053b3964a4,513.88,7,7,28,True,True,1,raw/E1_init_jobs/health_006
campus_001,existing_72,campus_institutional_legitimacy,succeeded,7c1dcc9c-98ab-4270-b1d5-6acd81aec952,60df38df-0c1f-4add-894f-9269359ea4d8,649.26,10,10,37,True,True,1,raw/E1_init_jobs/campus_001
campus_002,existing_72,campus_institutional_legitimacy,succeeded,c1f3007c-c124-4a3a-9261-27c336c34b58,ac3b8625-ca02-4420-9aec-244b0df6a5b5,662.45,11,11,40,True,True,1,raw/E1_init_jobs/campus_002
campus_003,existing_72,campus_institutional_legitimacy,succeeded,ab635878-1b54-4a5b-ae0a-1ca69a4ed196,587f9e13-8779-49da-9880-dd5f613fd85f,669.53,9,9,43,True,True,1,raw/E1_init_jobs/campus_003
campus_004,existing_72,campus_institutional_legitimacy,succeeded,13ebed2a-419b-4fdb-9760-3560c17c4d3b,4780af7b-b16c-4021-85ea-66752a9ca01e,658.85,6,6,30,True,True,1,raw/E1_init_jobs/campus_004
campus_005,existing_72,campus_institutional_legitimacy,succeeded,a714a5e9-9575-44e9-8a7d-3a86c0c80ae6,764b6536-7cfc-45c4-a511-7913df99fef0,733.69,12,12,49,True,True,1,raw/E1_init_jobs/campus_005
campus_006,existing_72,campus_institutional_legitimacy,succeeded,e01cff99-6155-4bb7-ab34-7cd7ed2638aa,c2ffe6d8-9b15-4f88-badd-7dbc8d2a4d1d,713.3,9,9,34,True,True,1,raw/E1_init_jobs/campus_006
media_001,existing_72,media_information_dynamics,succeeded,61555382-fb19-4db2-840b-442101972d69,2a9921ed-1b41-4184-945f-65eb769cdaf2,737.44,8,8,28,True,True,1,raw/E1_init_jobs/media_001
media_002,existing_72,media_information_dynamics,succeeded,516fde98-735f-4f53-87a9-39541a07ee90,dd5a5078-0036-4830-94ff-2821711625fb,788.51,9,9,35,True,True,1,raw/E1_init_jobs/media_002
media_003,existing_72,media_information_dynamics,succeeded,d0e73567-73de-4e65-b5b0-429395c55b83,503cfe1e-b22f-44f7-a6c6-195004b0f316,804.62,9,9,31,True,True,1,raw/E1_init_jobs/media_003
media_004,existing_72,media_information_dynamics,succeeded,c9a48524-3380-4628-8d32-b0baebfb284a,9e0d62c6-caf8-45f8-97cb-cc90c0cae723,871.33,11,11,36,True,True,1,raw/E1_init_jobs/media_004
media_005,existing_72,media_information_dynamics,succeeded,630faf02-d558-4dd0-824a-eec8f09c245c,643fec62-edfd-4f0f-99dd-abe58fa1e411,816.07,8,8,34,True,True,1,raw/E1_init_jobs/media_005
media_006,existing_72,media_information_dynamics,succeeded,9800dead-aafd-4c16-a2d1-9c0b00a364e6,1aa682fd-28cd-4fc2-b095-bc91f8805511,845.37,8,8,38,True,True,1,raw/E1_init_jobs/media_006
governance_001,existing_72,institutional_governance,succeeded,eacdd0cf-b5c7-4fe4-89bc-1d3730fe8e23,af4eef34-7e1a-4fc3-adc8-054b3560c0ff,867.4,8,8,38,True,True,1,raw/E1_init_jobs/governance_001
governance_002,existing_72,institutional_governance,succeeded,1531144a-4e0c-444b-9d9e-e95b97a9cfa1,8562227b-6284-4d61-85fc-c3593f5e3f53,861.9,6,6,28,True,True,1,raw/E1_init_jobs/governance_002
governance_003,existing_72,institutional_governance,succeeded,183fd9b3-7513-4754-ab8b-240c090c0e2e,b062237b-ec04-42be-80c0-a65c60c51cd7,906.12,8,8,38,True,True,1,raw/E1_init_jobs/governance_003
governance_004,existing_72,institutional_governance,succeeded,624e4f63-0ee0-47b8-b36e-7f0b85183816,9ce431b4-4775-4761-9b38-a3e7cffdc118,954.38,9,9,36,True,True,1,raw/E1_init_jobs/governance_004
governance_005,existing_72,institutional_governance,succeeded,e7e9b3ec-c40c-40c2-96cf-44a8eff590ae,4083139d-3a01-4302-a54e-6e5521204547,947.78,7,7,40,True,True,1,raw/E1_init_jobs/governance_005
governance_006,existing_72,institutional_governance,succeeded,e9298d40-69a3-4747-aaed-0181eeac942c,6f93cb0c-3f92-4281-a798-71a23165eabb,978.1,8,8,38,True,True,1,raw/E1_init_jobs/governance_006
edge_001,existing_72,adversarial_edge,succeeded,215a2196-3371-4a4b-ac93-b9c277322c7c,a7232eb7-25f0-471f-9f71-ad60ef6187e0,992.69,5,5,41,True,True,1,raw/E1_init_jobs/edge_001
edge_002,existing_72,adversarial_edge,succeeded,4f3cb747-11f4-4a5b-a3c9-025f14327e39,8c1ba21e-ad69-48c3-ba61-16f6ded831f1,979.61,7,7,23,True,True,1,raw/E1_init_jobs/edge_002
edge_003,existing_72,adversarial_edge,succeeded,4849cbfc-7ccd-459a-b699-5acee51d543d,f3ed0546-acca-4497-81ba-701a387b58c2,1013.53,8,8,31,True,True,1,raw/E1_init_jobs/edge_003
edge_004,existing_72,adversarial_edge,succeeded,503ecb3f-2fa0-4381-8cdd-6d29c63230d6,9d48199f-8457-409a-b1f2-488a6f641516,1069.55,10,10,42,True,True,1,raw/E1_init_jobs/edge_004
edge_005,existing_72,adversarial_edge,succeeded,da60ac88-4b02-4f04-8e9c-c7678f658a3f,3c185ddc-4989-4868-81e0-23091aecf866,1051.96,9,9,35,True,True,1,raw/E1_init_jobs/edge_005
edge_006,existing_72,adversarial_edge,succeeded,5ab479f2-95d1-457f-8947-698ceb02f64e,9ab09905-2100-436b-9401-5fe2d9faed06,1148.66,12,12,38,True,True,1,raw/E1_init_jobs/edge_006
report_001,existing_72,report_quality_probe,succeeded,f7e4a1fd-e050-410b-8c8b-6bdf3e515cd6,33b219af-62df-4d20-85aa-93742430b842,1101.8,8,8,35,True,True,1,raw/E1_init_jobs/report_001
report_002,existing_72,report_quality_probe,succeeded,3928ea11-9e05-4cbc-8701-54c18f360607,0bffe220-630b-45da-8517-5e8796187628,1134.16,10,10,33,True,True,1,raw/E1_init_jobs/report_002
report_003,existing_72,report_quality_probe,succeeded,7552bb4d-662f-4073-8534-4520329c7af0,eaaafafa-569d-4db1-a49b-e1d92a1a5cac,1144.75,8,8,35,True,True,1,raw/E1_init_jobs/report_003
report_004,existing_72,report_quality_probe,succeeded,16d74cb2-b831-4c1f-8436-23f95e0ac6a9,a7d31601-49f0-478b-99c5-cb867947aeac,1202.43,8,8,33,True,True,1,raw/E1_init_jobs/report_004
report_005,existing_72,report_quality_probe,succeeded,f4083b1d-2e5a-41ee-840f-69cca9a2d33f,2e4e9b65-1cdf-40dc-b424-11670aed7aaf,1182.24,11,11,42,True,True,1,raw/E1_init_jobs/report_005
report_006,existing_72,report_quality_probe,succeeded,8fc53ed7-a319-4b7d-becf-c14892ae78f7,c5d52d3b-dd06-4fef-8186-23955ff357da,1219.99,8,8,35,True,True,1,raw/E1_init_jobs/report_006
longform_001,existing_72,longform_initializer,succeeded,be808a4c-94ca-48e8-9f5e-62cd93a71f03,204767a9-534c-4c75-a60f-902265aa6fa7,1270.48,11,11,41,True,True,1,raw/E1_init_jobs/longform_001
longform_002,existing_72,longform_initializer,succeeded,d44748ca-9c5e-450a-8cd4-19f8d19c1219,58a6742f-b218-476f-9e54-a663d84bf78f,1264.91,10,10,34,True,True,1,raw/E1_init_jobs/longform_002
longform_003,existing_72,longform_initializer,succeeded,7c20fa10-d7db-4ead-ad61-63012e89c8ee,482a764d-edeb-40fb-a5d3-e8d9f04386c8,1294.77,10,10,32,True,True,1,raw/E1_init_jobs/longform_003
longform_004,existing_72,longform_initializer,succeeded,85ab2956-bddf-456e-9a81-4763c87da891,b174c9c9-9668-4c3f-bc9f-976d7bf2829a,1297.17,10,10,33,True,True,1,raw/E1_init_jobs/longform_004
longform_005,existing_72,longform_initializer,succeeded,b1ed7d1d-a345-4e66-b77b-3a36861af73c,374b12ac-9060-408a-8c05-e37a772d53fd,1328.22,10,10,43,True,True,1,raw/E1_init_jobs/longform_005
longform_006,existing_72,longform_initializer,succeeded,45ce6fdc-6fb7-43e4-890b-36750154fa42,9979b85a-5554-42d6-95fe-060ea601b3cc,1352.2,12,12,32,True,True,1,raw/E1_init_jobs/longform_006
election_001,existing_72,election_legitimacy,succeeded,fde5af7c-48bf-4559-abaa-d18ba835b0ec,91b2768f-962d-421d-8699-c416433900c2,1373.71,10,10,35,True,True,1,raw/E1_init_jobs/election_001
election_002,existing_72,election_legitimacy,succeeded,7dbd084c-8b40-4bce-81d5-7e9e7082fa0c,f3bbf251-8e45-4c45-b045-fa076287bf47,1387.83,10,10,43,True,True,1,raw/E1_init_jobs/election_002
election_003,existing_72,election_legitimacy,succeeded,de9733cf-6c75-4838-a26b-6217b145f44a,74c4d9b4-bff2-470b-9814-5da7389c8d10,1419.18,8,8,34,True,True,1,raw/E1_init_jobs/election_003
election_004,existing_72,election_legitimacy,succeeded,0a449c22-72ac-4def-9459-a2f97575a601,f33b0e62-ad40-4440-9745-135c427ea1ea,1456.72,10,10,33,True,True,1,raw/E1_init_jobs/election_004
housing_001,existing_72,housing_zoning,succeeded,47a48219-0fa4-4755-94e7-d762f9a59350,fe4d12d7-97f4-4aff-9805-40585f5a528f,1463.91,9,9,40,True,True,1,raw/E1_init_jobs/housing_001
housing_002,existing_72,housing_zoning,succeeded,48f6b985-b41e-4e1f-8700-c64fe039f082,24d5e706-c62c-4c21-ae22-b0245b256cf8,1463.81,11,11,43,True,True,1,raw/E1_init_jobs/housing_002
housing_003,existing_72,housing_zoning,succeeded,55213bb0-d19f-4480-9cc3-121889669dc5,779c2682-ccf5-4ee6-b93c-10d0042bcc16,1461.77,7,7,32,True,True,1,raw/E1_init_jobs/housing_003
housing_004,existing_72,housing_zoning,succeeded,518cf6c2-c35c-4af6-ba94-9c1a63264625,aa13b7ec-68c9-4630-8f19-85d4d621fce1,1540.82,9,9,50,True,True,1,raw/E1_init_jobs/housing_004
corporate_001,existing_72,corporate_regulatory_endpoint,succeeded,45ce4ba4-9a07-4d13-bd3b-84d3b9e2dd31,879ca85c-599a-4fbe-95f5-b969a38c7029,1508.33,8,8,28,True,True,1,raw/E1_init_jobs/corporate_001
corporate_002,existing_72,corporate_regulatory_endpoint,succeeded,e5928ce1-29b2-4e22-8729-feccd8d4c78f,f5005a03-72b2-41b9-87f1-7dcd14a36eb2,1537.38,7,7,35,True,True,1,raw/E1_init_jobs/corporate_002
corporate_003,existing_72,corporate_regulatory_endpoint,succeeded,a20e959e-b73c-4924-8601-abe15d4dddd1,2c38b5e5-cc7a-4283-92e4-38a13b353f48,1582.28,8,8,33,True,True,1,raw/E1_init_jobs/corporate_003
corporate_004,existing_72,corporate_regulatory_endpoint,succeeded,8a1173f7-58d1-4fbe-9a94-bc9e25f8d263,2f8cd801-703a-4181-b83f-f141e06e74cd,1795.79,8,8,33,True,True,1,raw/E1_init_jobs/corporate_004
resolved_001,additional_36,resolved_forecast,succeeded,3c6aa085-967d-44a3-877d-cf879007eade,cf8a950a-4d7d-4958-ab77-0fe498e333e6,148.68,11,11,39,True,True,1,raw/E1_init_jobs/resolved_001
resolved_002,additional_36,resolved_forecast,succeeded,1ec92f15-26cb-4b9f-8182-82a11dbe3d7a,0929129e-6de2-4d2f-839a-701fb750b931,115.81,7,7,22,True,True,1,raw/E1_init_jobs/resolved_002
resolved_003,additional_36,resolved_forecast,succeeded,5dc8596a-c386-428b-91bc-38ba76a2d688,,146.2,9,9,25,True,True,0,raw/E1_init_smoke/resolved_003
resolved_004,additional_36,resolved_forecast,succeeded,ebb3091f-985e-437f-95f3-7b2c7d6f8660,,131.22,7,7,24,True,True,0,raw/E3_worldfork_default_route_16tick_batch_retry_ed99cda/worldfork_no_branch_short/resolved_004
resolved_005,additional_36,resolved_forecast,succeeded,8e267d9d-5b4b-4e11-a535-99b94868929f,f6004bcb-6b0c-492d-bde8-d330231fa5ba,130.77,9,9,29,True,True,1,raw/E1_init_jobs/resolved_005
resolved_006,additional_36,resolved_forecast,succeeded,0f5f24ce-317f-4829-9835-f9e37cc546b9,f51ba40d-22ed-4fd8-b6ca-43104745244b,140.01,8,8,26,True,True,1,raw/E1_init_jobs/resolved_006
resolved_007,additional_36,resolved_forecast,succeeded,b5b98022-cafe-4cd0-95e9-002b80eaa013,c2e71cf1-d2f5-4706-bc21-eed95837b3c9,136.72,8,8,30,True,True,1,raw/E1_init_jobs/resolved_007
resolved_008,additional_36,resolved_forecast,succeeded,13e0eb20-08a5-4e1b-bb7f-53e406833619,774db50d-c3d6-4448-a2b3-12e2c1623074,120.07,9,9,29,True,True,1,raw/E1_init_jobs/resolved_008
resolved_009,additional_36,resolved_forecast,succeeded,60634643-0713-41b6-b741-e49c4ea93cdf,95148d9b-3ea5-45a4-814a-9d36a31bc319,114.74,7,7,23,True,True,1,raw/E1_init_jobs/resolved_009
resolved_010,additional_36,resolved_forecast,succeeded,a8cd6ba5-3c91-4a3f-87a7-2d6a455bedcf,a5f4a220-06bf-402d-8df3-61ade088534a,112.37,7,7,25,True,True,1,raw/E1_init_jobs/resolved_010
resolved_011,additional_36,resolved_forecast,succeeded,8677a186-d015-4d6b-bc12-8c67290f893d,7e9f9678-2ca2-414c-8b0f-03453d62d577,188.8,11,11,34,True,True,1,raw/E1_init_jobs/resolved_011
resolved_012,additional_36,resolved_forecast,succeeded,6b8c4c5b-80c8-43bf-a368-c1d3c6865ae1,ea4b6422-fb62-45bb-800b-23e89c829533,161.62,14,14,38,True,True,1,raw/E1_init_jobs/resolved_012
resolved_013,additional_36,resolved_forecast,succeeded,14ce9ad3-7472-4d36-b06b-d947df628004,63bc8071-bd36-4315-9c8d-3e25cc9dcc84,163.64,10,10,28,True,True,1,raw/E1_init_jobs/resolved_013
resolved_014,additional_36,resolved_forecast,succeeded,a2db89ad-49c7-4af5-9b0b-581dac4f6e44,04479329-fa6a-4cdd-8d0c-4075fb835fcf,115.41,8,8,24,True,True,1,raw/E1_init_jobs/resolved_014
resolved_015,additional_36,resolved_forecast,succeeded,a8ece0a0-79ac-47e3-b20d-5e59d2bdfe1a,d8f43769-0878-40e5-8196-87acb1e8c9b5,132.74,8,8,24,True,True,1,raw/E1_init_jobs/resolved_015
resolved_016,additional_36,resolved_forecast,succeeded,d4f8087b-3ae0-4138-8cd8-420e6607a233,c2030e54-f65d-4bf1-9e98-8fcd337458fc,113.0,7,7,19,True,True,1,raw/E1_init_jobs/resolved_016
resolved_017,additional_36,resolved_forecast,succeeded,c5cfaad6-8888-4171-bfdd-1dc50d9ff395,1c8b1f93-c28c-45fb-8a55-4c53d59606e7,135.33,8,8,27,True,True,1,raw/E1_init_jobs/resolved_017
resolved_018,additional_36,resolved_forecast,succeeded,9d1a6bdb-90cc-4a36-9e3f-59f67ba0cea5,0c05da6e-d9e4-4ed6-84ec-d3e720f57146,143.17,7,7,30,True,True,1,raw/E1_init_jobs/resolved_018
resolved_019,additional_36,resolved_forecast,succeeded,261e63a8-5188-4635-ae8f-93db5a191c59,a8dad6f5-a4fc-4221-ba25-4ce865875c26,116.94,8,8,22,True,True,1,raw/E1_init_jobs/resolved_019
resolved_020,additional_36,resolved_forecast,succeeded,ff96be21-2df6-4295-9cbf-5da3f4917bb3,fd9ee1b5-7b97-4fa1-8005-cc2a418cbf84,175.07,11,11,45,True,True,1,raw/E1_init_jobs/resolved_020
resolved_021,additional_36,resolved_forecast,succeeded,c2094f7d-d33b-471d-987e-83d8fdb3da83,be66403a-a9a1-4e0d-a712-940c7fd6ad0d,148.7,9,9,31,True,True,1,raw/E1_init_jobs/resolved_021
resolved_022,additional_36,resolved_forecast,succeeded,5d4dedaa-7647-4b52-a690-a0ab0e2e9dcc,959d77c3-6eb8-4564-b2dd-1534b5f92980,109.49,5,5,19,True,True,1,raw/E1_init_jobs/resolved_022
resolved_023,additional_36,resolved_forecast,succeeded,758b1049-6f6c-4815-b59b-fffc1c514b73,a7c8574c-f4c5-42d0-b91f-f297a33b15ec,266.2,9,9,34,True,True,1,raw/E1_init_jobs/resolved_023
resolved_024,additional_36,resolved_forecast,succeeded,a2bf5c15-9296-4344-9db0-58532e9aa3a8,ae4b00c9-451a-4f33-b1e6-df836f05ead5,255.47,7,7,36,True,True,1,raw/E1_init_jobs/resolved_024
dossier_001,additional_36,longform_dossier,succeeded,6992b2a6-1547-4c1e-a4ac-304122ebcb0c,ec56e7ae-69e6-4ff5-9130-4b81a39f2b51,312.26,14,14,40,True,True,1,raw/E1_init_jobs/dossier_001
dossier_002,additional_36,longform_dossier,succeeded,7f6ef1b7-a463-462c-9150-64e78c1ba929,4aab9642-9773-4715-9078-195b0c1f3aa7,322.29,14,14,34,True,True,1,raw/E1_init_jobs/dossier_002
dossier_003,additional_36,longform_dossier,succeeded,1d6d0edb-821e-4679-a75b-7d779f2d5c15,3c62923a-42c7-4a43-a0a3-116bf3fb974f,304.47,10,10,33,True,True,1,raw/E1_init_jobs/dossier_003
dossier_004,additional_36,longform_dossier,succeeded,9bc26bb6-eda1-4c54-9293-1bfa1b2f03b3,9ef391dd-303c-4ca8-8060-1cdb832947e7,302.74,9,9,38,True,True,1,raw/E1_init_jobs/dossier_004
dossier_005,additional_36,longform_dossier,succeeded,62faaf5c-bd2e-4713-9767-e41c5307b80a,48ca3183-43ae-4b46-9c34-8fd0d67f9de8,331.28,8,8,36,True,True,1,raw/E1_init_jobs/dossier_005
dossier_006,additional_36,longform_dossier,succeeded,f3bd91fc-c499-4756-b0e4-3e81f0edc4ac,2fc05b50-42b7-4b34-9968-3a30c355262b,381.77,8,8,38,True,True,1,raw/E1_init_jobs/dossier_006
dossier_007,additional_36,longform_dossier,succeeded,873060d2-ee48-4540-a2f0-2c6b9900539b,35ba0591-26b7-48d4-86c6-41471fee28ef,431.81,10,10,37,True,True,1,raw/E1_init_jobs/dossier_007
dossier_008,additional_36,longform_dossier,succeeded,078d85ac-3f5d-4700-8741-65296c76f53d,7f0747a7-6d1e-408b-9e8a-287b18862ce4,449.62,9,9,39,True,True,1,raw/E1_init_jobs/dossier_008
calibration_001,additional_36,adversarial_calibration,succeeded,bb62759e-db1a-4d84-9dbf-8f1a815e9237,76e076c8-d2bf-4cff-8a79-3f4fbdc8b011,408.28,6,6,19,True,True,1,raw/E1_init_jobs/calibration_001
calibration_002,additional_36,adversarial_calibration,succeeded,4ba3c810-d566-417d-a0ba-d469165a1d85,84764b1b-6120-4f2e-bbbf-8b5571994899,450.66,8,8,32,True,True,1,raw/E1_init_jobs/calibration_002
calibration_003,additional_36,adversarial_calibration,succeeded,3660f2a4-a7a5-4830-9c9f-c655df681ca2,837b4c6c-3dbb-4f78-bdab-27eecc5d1437,461.57,8,8,31,True,True,1,raw/E1_init_jobs/calibration_003
calibration_004,additional_36,adversarial_calibration,succeeded,5a3d933d-55dd-4f87-998a-e63c80f655c9,016384b8-3a42-4088-8655-8d45002c146d,463.97,9,9,30,True,True,1,raw/E1_init_jobs/calibration_004
